[
	{"北京":["东城区","西城区","崇文区","宣武区","朝阳区","海淀区","丰台区","石景山区","房山区",
			"通州区","顺义区","昌平区","大兴区","怀柔区","平谷区","门头沟区","密云县","延庆县"]},
			
	{"天津":["和平区","河东区","河西区","南开区","河北区","红桥区","东丽区","西青区","北辰区",
				"津南区","武清区","宝坻区","滨海新区","静海县","宁河县","蓟县"]},
				
	{"上海":["黄浦区","卢湾区","徐汇区","长宁区","静安区","普陀区","闸北区","虹口区","杨浦区",
				"闵行区","宝山区","嘉定区","浦东新区","金山区","松江区","青浦区","奉贤区","崇明县"]},
				
	{"重庆":["渝中区","大渡口区","江北区","南岸区","北碚区","渝北区","巴南区","长寿区",
				"双桥区","沙坪坝区","万盛区","万州区","涪陵区","黔江区","永川区","合川区","江津区","九龙坡区"]},
				
	{"河北":["石家庄","唐山","秦皇岛","邯郸","邢台","保定","张家口","承德","沧州","廊坊","衡水"]},
	
	{"山西":["太原","大同","阳泉","长治","晋城","朔州","晋中","运城","忻州","临汾","吕梁"]},
	
	{"辽宁":["沈阳","大连","鞍山","抚顺","本溪","丹东","锦州","营口","阜新","辽阳","盘锦",
				"铁岭","朝阳","葫芦岛"]},
				
	{"吉林":["长春","吉林","四平","辽源","通化","白山","松原","白城","延边朝鲜族自治州"]},
	
	{"黑龙江":["哈尔滨","齐齐哈尔","鹤岗","双鸭山","鸡西","大庆","伊春","牡丹江","佳木斯","七台河",
				"黑河","绥化","大兴安岭"]},
				
	{"江苏":["南京","苏州","无锡","常州","镇江","南通","泰州","扬州","盐城","连云港",
				"徐州","淮安","宿迁"]},
				
	{"浙江":["杭州","宁波","温州","嘉兴","湖州","绍兴","金华","衢州","舟山","台州","丽水"]},
				
	{"安徽":["合肥","芜湖","蚌埠","淮南","马鞍山","淮北","铜陵","安庆","黄山",
				"滁州","阜阳","宿州","巢湖","六安","亳州","池州","宣城"]},
	
	{"福建":["福州","厦门","莆田","三明","泉州","漳州","南平","龙岩","宁德"]},
	
	{"江西":["南昌","景德镇","萍乡","九江","新余","鹰潭","赣州","吉安","宜春","抚州","上饶"]},
				
	{"山东":["济南","青岛","淄博","枣庄","东营","烟台","潍坊","济宁","泰安","威海",
				"日照","莱芜","临沂","德州","聊城","滨州","菏泽"]},
				
	{"河南":["郑州","开封","洛阳","平顶山","安阳","鹤壁","新乡","焦作","濮阳","许昌",
				"漯河","三门峡","南阳","商丘","信阳","周口","驻马店"]},
				
	{"湖北":["武汉","黄石","十堰","荆州","宜昌","襄樊","鄂州","荆门","孝感","黄冈",
				"咸宁","随州","恩施"]}
]
